{"accuracy": 0.7824547600314713, "precision": 0.7842400021850433, "recall": 0.7838549980565817, "f1": 0.7824426057312939, "sensitivity": 0.820932134096484, "specificity": 0.7467778620166793}