{"accuracy": 0.7604248623131392, "precision": 0.7608519845044188, "recall": 0.7611390105118164, "f1": 0.7604016876900497, "sensitivity": 0.7800490596892886, "specificity": 0.7422289613343442}