{"accuracy": 0.8886703383162864, "precision": 0.8889102853990767, "recall": 0.888109627390606, "f1": 0.8884090692275892, "sensitivity": 0.8732624693376942, "specificity": 0.9029567854435178}