{"accuracy": 0.8741148701809599, "precision": 0.8742842235700776, "recall": 0.873548247916947, "f1": 0.8738242374606011, "sensitivity": 0.8585445625511039, "specificity": 0.88855193328279}