{"accuracy": 0.8733280881195908, "precision": 0.8733238381600463, "recall": 0.8729091205520672, "f1": 0.8730817060047571, "sensitivity": 0.8618152085036794, "specificity": 0.8840030326004549}