{"accuracy": 0.8072383949645948, "precision": 0.8072366789966428, "recall": 0.8065167434632025, "f1": 0.8067636297745168, "sensitivity": 0.7874080130825838, "specificity": 0.8256254738438211}