{"accuracy": 0.8870967741935484, "precision": 0.8877323975210931, "recall": 0.886295770291054, "f1": 0.8867581754312766, "sensitivity": 0.8650858544562551, "specificity": 0.9075056861258529}