{"accuracy": 0.8749016522423289, "precision": 0.8749646918302948, "recall": 0.8744254207795121, "f1": 0.8746406033954954, "sensitivity": 0.8618152085036794, "specificity": 0.8870356330553449}