{"accuracy": 0.8859166011014948, "precision": 0.8875035357102048, "recall": 0.8847122098123098, "f1": 0.8854280122743934, "sensitivity": 0.8528209321340965, "specificity": 0.9166034874905231}