{"accuracy": 0.8819826907946499, "precision": 0.8832950588840082, "recall": 0.8808619478692759, "f1": 0.8815132740557885, "sensitivity": 0.8511856091578087, "specificity": 0.910538286580743}