{"accuracy": 0.8107789142407553, "precision": 0.8105433089227594, "recall": 0.810404509970325, "f1": 0.8104677379477008, "sensitivity": 0.8004905968928864, "specificity": 0.8203184230477635}