{"accuracy": 0.8973249409913454, "precision": 0.8980132656362776, "recall": 0.8965385457031858, "f1": 0.8970170166814049, "sensitivity": 0.8757154538021259, "specificity": 0.9173616376042456}