{"accuracy": 0.8859166011014948, "precision": 0.8876759778002283, "recall": 0.8846526984378884, "f1": 0.8854040750744925, "sensitivity": 0.8511856091578087, "specificity": 0.9181197877179682}