{"accuracy": 0.8784421715184894, "precision": 0.8800893303348326, "recall": 0.8771824711726283, "f1": 0.877902500511798, "sensitivity": 0.8438266557645135, "specificity": 0.910538286580743}