{"accuracy": 0.8701809598741149, "precision": 0.8709515358192637, "recall": 0.8712155260216584, "f1": 0.8701770220478992, "sensitivity": 0.8986099754701553, "specificity": 0.8438210765731615}