{"accuracy": 0.8855232100708104, "precision": 0.887235132433783, "recall": 0.8842736233810271, "f1": 0.8850149762101398, "sensitivity": 0.8511856091578087, "specificity": 0.9173616376042456}