{"accuracy": 0.8099921321793863, "precision": 0.8102177218449895, "recall": 0.8106282975345553, "f1": 0.8099561042817016, "sensitivity": 0.8274734260016353, "specificity": 0.7937831690674754}