{"accuracy": 0.8808025177025964, "precision": 0.8820674684365488, "recall": 0.8796949670114813, "f1": 0.8803343378674348, "sensitivity": 0.8503679476696647, "specificity": 0.909021986353298}