{"accuracy": 0.7202989771833203, "precision": 0.7206305570002725, "recall": 0.7208963032898011, "f1": 0.7202625692954397, "sensitivity": 0.7367130008176614, "specificity": 0.7050796057619408}