{"accuracy": 0.8450039339103068, "precision": 0.8460723703986043, "recall": 0.8461513188278491, "f1": 0.8450035501229698, "sensitivity": 0.8765331152902698, "specificity": 0.8157695223654283}