{"accuracy": 0.8509047993705744, "precision": 0.8629552013014263, "recall": 0.847433602973585, "f1": 0.8485796314961684, "sensitivity": 0.7555192150449714, "specificity": 0.9393479909021987}