{"accuracy": 0.8021243115656963, "precision": 0.8019483421217266, "recall": 0.8015887677240061, "f1": 0.8017325180124966, "sensitivity": 0.7874080130825838, "specificity": 0.8157695223654283}