{"accuracy": 0.8457907159716759, "precision": 0.8488771206607684, "recall": 0.8476236054346283, "f1": 0.8457486068111455, "sensitivity": 0.8961569910057237, "specificity": 0.799090219863533}