{"accuracy": 0.8359559402045633, "precision": 0.8356925993853475, "recall": 0.8358555410978733, "f1": 0.8357635615285872, "sensitivity": 0.8331970564186427, "specificity": 0.8385140257771039}