{"accuracy": 0.8806941431670282, "precision": 0.886815489924627, "recall": 0.87894627787824, "f1": 0.8797891153559864, "sensitivity": 0.8169642857142857, "specificity": 0.9409282700421941}