{"accuracy": 0.8560188827694729, "precision": 0.8558777650630618, "recall": 0.8556942156803793, "f1": 0.8557774764267205, "sensitivity": 0.8470973017170891, "specificity": 0.8642911296436695}