{"accuracy": 0.8329718004338394, "precision": 0.8373451225593617, "recall": 0.8313083936106088, "f1": 0.8318291429194086, "sensitivity": 0.7723214285714286, "specificity": 0.890295358649789}