{"accuracy": 0.8894571203776553, "precision": 0.8895801773164129, "recall": 0.8889868002531713, "f1": 0.8892224423568275, "sensitivity": 0.8765331152902698, "specificity": 0.9014404852160728}