{"accuracy": 0.8808025177025964, "precision": 0.8819196105716238, "recall": 0.8797544783859028, "f1": 0.8803576845846034, "sensitivity": 0.8520032706459526, "specificity": 0.9075056861258529}