{"accuracy": 0.8827694728560189, "precision": 0.8832995272119062, "recall": 0.8820069219167374, "f1": 0.8824329517257392, "sensitivity": 0.8618152085036794, "specificity": 0.9021986353297953}