{"accuracy": 0.7859952793076318, "precision": 0.787248633844204, "recall": 0.787177406506701, "f1": 0.7859947494083643, "sensitivity": 0.8184791496320524, "specificity": 0.7558756633813495}