{"accuracy": 0.8957513768686074, "precision": 0.8962078938075984, "recall": 0.8950817568501621, "f1": 0.8954737786020334, "sensitivity": 0.8773507767784138, "specificity": 0.9128127369219106}