{"accuracy": 0.8056648308418568, "precision": 0.8062716948802733, "recall": 0.8044945965531756, "f1": 0.804930167762653, "sensitivity": 0.7735077677841373, "specificity": 0.8354814253222138}