{"accuracy": 0.8198269079464988, "precision": 0.8203241352376076, "recall": 0.8187959237188162, "f1": 0.8192140822937144, "sensitivity": 0.7914963205233033, "specificity": 0.846095526914329}