{"accuracy": 0.8245476003147129, "precision": 0.8247567698665149, "recall": 0.8237316483348903, "f1": 0.8240586932447397, "sensitivity": 0.8021259198691741, "specificity": 0.8453373768006065}