{"accuracy": 0.8351409978308026, "precision": 0.8392145593869732, "recall": 0.8335405364677517, "f1": 0.8340721376070319, "sensitivity": 0.7767857142857143, "specificity": 0.890295358649789}