{"accuracy": 0.8351409978308026, "precision": 0.8399105119637439, "recall": 0.833418098251959, "f1": 0.8339526066350711, "sensitivity": 0.7723214285714286, "specificity": 0.8945147679324894}