{"accuracy": 0.8839496459480723, "precision": 0.8855615507593925, "recall": 0.8827275674663715, "f1": 0.8834466009986206, "sensitivity": 0.8503679476696647, "specificity": 0.9150871872630781}