{"accuracy": 0.8351409978308026, "precision": 0.8355820105820106, "recall": 0.8345200421940928, "f1": 0.8347981893625047, "sensitivity": 0.8125, "specificity": 0.8565400843881856}