{"accuracy": 0.8264642082429501, "precision": 0.8268707482993197, "recall": 0.8258363471971066, "f1": 0.8261033572236891, "sensitivity": 0.8035714285714286, "specificity": 0.8481012658227848}