{"accuracy": 0.8872017353579176, "precision": 0.8958914188351921, "recall": 0.8851529535864979, "f1": 0.8861166007905139, "sensitivity": 0.8125, "specificity": 0.9578059071729957}