{"accuracy": 0.8676789587852495, "precision": 0.8784983801085132, "recall": 0.8653085443037974, "f1": 0.8661038658038958, "sensitivity": 0.78125, "specificity": 0.9493670886075949}