{"accuracy": 0.7875688434303698, "precision": 0.7873428600264638, "recall": 0.7876820133689824, "f1": 0.7874167200958939, "sensitivity": 0.7906786590351594, "specificity": 0.7846853677028052}