{"accuracy": 0.8815892997639654, "precision": 0.881621706835086, "recall": 0.8811672536182606, "f1": 0.8813548467629453, "sensitivity": 0.8699918233851186, "specificity": 0.8923426838514026}