{"accuracy": 0.8823760818253343, "precision": 0.8825149031296573, "recall": 0.8818658923575617, "f1": 0.8821177420508055, "sensitivity": 0.8683565004088307, "specificity": 0.8953752843062927}