{"accuracy": 0.8839496459480723, "precision": 0.8841730980435031, "recall": 0.8833821925850067, "f1": 0.8836772983114447, "sensitivity": 0.8683565004088307, "specificity": 0.8984078847611827}