{"accuracy": 0.8261211644374509, "precision": 0.8379570769165803, "recall": 0.8224806696517406, "f1": 0.8232497292657865, "sensitivity": 0.7260834014717906, "specificity": 0.9188779378316907}