{"accuracy": 0.8406766325727774, "precision": 0.8423715037351401, "recall": 0.8420707602640074, "f1": 0.8406724655444979, "sensitivity": 0.8789860997547015, "specificity": 0.8051554207733131}