{"accuracy": 0.8915401301518439, "precision": 0.8966187739463602, "recall": 0.8899845539481616, "f1": 0.8908369326362052, "sensitivity": 0.8348214285714286, "specificity": 0.9451476793248945}