{"accuracy": 0.8872017353579176, "precision": 0.893027230479702, "recall": 0.8855202682338759, "f1": 0.8863886255924169, "sensitivity": 0.8258928571428571, "specificity": 0.9451476793248945}