{"accuracy": 0.8819826907946499, "precision": 0.8834533406991951, "recall": 0.8808024364948545, "f1": 0.8814894105053903, "sensitivity": 0.8495502861815208, "specificity": 0.9120545868081881}