{"accuracy": 0.8823760818253343, "precision": 0.8842354370752636, "recall": 0.8810624888028729, "f1": 0.8818287471615798, "sensitivity": 0.8462796402289452, "specificity": 0.9158453373768006}