{"accuracy": 0.8886703383162864, "precision": 0.8887910696103509, "recall": 0.8881988944522381, "f1": 0.8884339899892604, "sensitivity": 0.8757154538021259, "specificity": 0.9006823351023503}