{"accuracy": 0.8839496459480723, "precision": 0.8843556192152943, "recall": 0.8832631698361639, "f1": 0.8836406214626409, "sensitivity": 0.8650858544562551, "specificity": 0.9014404852160728}