{"accuracy": 0.8796223446105429, "precision": 0.8795271366149704, "recall": 0.8793313897083757, "f1": 0.8794205130780779, "sensitivity": 0.8716271463614064, "specificity": 0.8870356330553449}