{"accuracy": 0.8394793926247288, "precision": 0.8418427565200837, "recall": 0.8382496986136226, "f1": 0.8387502363395727, "sensitivity": 0.7946428571428571, "specificity": 0.8818565400843882}