{"accuracy": 0.8373101952277657, "precision": 0.8389439507860561, "recall": 0.8362624321880652, "f1": 0.8367078026041741, "sensitivity": 0.7991071428571429, "specificity": 0.8734177215189873}