{"accuracy": 0.8806941431670282, "precision": 0.8844846679650208, "recall": 0.8793135925256179, "f1": 0.8800416341399948, "sensitivity": 0.8303571428571429, "specificity": 0.9282700421940928}