{"accuracy": 0.8835562549173879, "precision": 0.8835478100294305, "recall": 0.8831816516514097, "f1": 0.8833377986822258, "sensitivity": 0.8732624693376942, "specificity": 0.8931008339651251}