{"accuracy": 0.8831628638867034, "precision": 0.8831118638179607, "recall": 0.8828323322817591, "f1": 0.8829554835694071, "sensitivity": 0.8740801308258381, "specificity": 0.8915845337376801}