{"accuracy": 0.8819826907946499, "precision": 0.8819163104491907, "recall": 0.8816653514239646, "f1": 0.8817771196404387, "sensitivity": 0.8732624693376942, "specificity": 0.890068233510235}