{"accuracy": 0.8819826907946499, "precision": 0.8822202135226895, "recall": 0.8813975502390683, "f1": 0.8817011945294015, "sensitivity": 0.8659035159443991, "specificity": 0.8968915845337376}