{"accuracy": 0.8503253796095445, "precision": 0.8543245311902028, "recall": 0.8487982218203737, "f1": 0.849407030417801, "sensitivity": 0.7946428571428571, "specificity": 0.9029535864978903}