{"accuracy": 0.7997639653815893, "precision": 0.8031789638932496, "recall": 0.8016947723596941, "f1": 0.7996768827155476, "sensitivity": 0.8528209321340965, "specificity": 0.7505686125852918}