{"accuracy": 0.8933910306845004, "precision": 0.8935643318430204, "recall": 0.8928965735706267, "f1": 0.8931568832634391, "sensitivity": 0.8798037612428454, "specificity": 0.9059893858984079}