{"accuracy": 0.8914240755310779, "precision": 0.8925798136771796, "recall": 0.8904060845421065, "f1": 0.8910241116562039, "sensitivity": 0.8634505314799673, "specificity": 0.9173616376042456}