{"accuracy": 0.8788355625491738, "precision": 0.8789450253051614, "recall": 0.8783351940969676, "f1": 0.8785739100225812, "sensitivity": 0.8650858544562551, "specificity": 0.8915845337376801}