{"accuracy": 0.8788355625491738, "precision": 0.8788766576561757, "recall": 0.878394705471389, "f1": 0.8785913836565371, "sensitivity": 0.866721177432543, "specificity": 0.890068233510235}