{"accuracy": 0.8737214791502754, "precision": 0.8735836818319369, "recall": 0.8734667297321926, "f1": 0.8735218116912135, "sensitivity": 0.866721177432543, "specificity": 0.8802122820318423}