{"accuracy": 0.8764752163650669, "precision": 0.8765427730151842, "recall": 0.8760012323813786, "f1": 0.8762174511515268, "sensitivity": 0.8634505314799673, "specificity": 0.88855193328279}