{"accuracy": 0.8394793926247288, "precision": 0.8399376417233559, "recall": 0.8388618896925859, "f1": 0.8391456054319125, "sensitivity": 0.8169642857142857, "specificity": 0.8607594936708861}