{"accuracy": 0.8329718004338394, "precision": 0.8335318585743997, "recall": 0.83228789933695, "f1": 0.8325905384437622, "sensitivity": 0.8080357142857143, "specificity": 0.8565400843881856}