{"accuracy": 0.8457907159716759, "precision": 0.8464294186397249, "recall": 0.8467309348183074, "f1": 0.8457829833597463, "sensitivity": 0.8716271463614064, "specificity": 0.8218347232752085}