{"accuracy": 0.9016522423288749, "precision": 0.902007447694949, "recall": 0.901065439575188, "f1": 0.90141001519108, "sensitivity": 0.8855273916598528, "specificity": 0.9166034874905231}