{"accuracy": 0.8308026030368764, "precision": 0.8321760576740657, "recall": 0.8298108800482218, "f1": 0.830220216061041, "sensitivity": 0.7946428571428571, "specificity": 0.8649789029535865}