{"accuracy": 0.8438177874186551, "precision": 0.8452950104344528, "recall": 0.8428364225437011, "f1": 0.8432801994409609, "sensitivity": 0.8080357142857143, "specificity": 0.8776371308016878}