{"accuracy": 0.8068450039339103, "precision": 0.8071931318927643, "recall": 0.8058401115342342, "f1": 0.8062144732149525, "sensitivity": 0.7792313982011447, "specificity": 0.8324488248673237}