{"accuracy": 0.8123524783634933, "precision": 0.8131098935954049, "recall": 0.8133193274966726, "f1": 0.8123475705301864, "sensitivity": 0.83892068683565, "specificity": 0.7877179681576952}