{"accuracy": 0.8107789142407553, "precision": 0.8112438015499239, "recall": 0.8097201291644789, "f1": 0.8101265567244236, "sensitivity": 0.7816843826655765, "specificity": 0.8377558756633814}