{"accuracy": 0.8033044846577498, "precision": 0.8038941822959177, "recall": 0.802130879150376, "f1": 0.8025608985451953, "sensitivity": 0.7710547833197057, "specificity": 0.8332069749810462}