{"accuracy": 0.8945712037765539, "precision": 0.894654844406099, "recall": 0.8941528214900532, "f1": 0.8943587364284155, "sensitivity": 0.8830744071954211, "specificity": 0.9052312357846853}