{"accuracy": 0.8701809598741149, "precision": 0.8707223651738798, "recall": 0.8710965032728157, "f1": 0.8701712354208455, "sensitivity": 0.8953393295175798, "specificity": 0.8468536770280516}