{"accuracy": 0.8878835562549174, "precision": 0.887792604389934, "recall": 0.8876192784617798, "f1": 0.8876991794492615, "sensitivity": 0.8806214227309894, "specificity": 0.8946171341925702}