{"accuracy": 0.8811959087332809, "precision": 0.8813893469733813, "recall": 0.8806394001253459, "f1": 0.8809216241034423, "sensitivity": 0.8659035159443991, "specificity": 0.8953752843062927}