{"accuracy": 0.8056648308418568, "precision": 0.8179066582818588, "recall": 0.8017868290170023, "f1": 0.8021671455938697, "sensitivity": 0.6991005723630417, "specificity": 0.9044730856709629}