{"accuracy": 0.8690007867820614, "precision": 0.8688958883309184, "recall": 0.868679783552172, "f1": 0.8687768951743358, "sensitivity": 0.8601798855273917, "specificity": 0.8771796815769523}