{"accuracy": 0.8721479150275374, "precision": 0.872049358885294, "recall": 0.8718314067559048, "f1": 0.8719294021971747, "sensitivity": 0.8634505314799673, "specificity": 0.8802122820318423}