{"accuracy": 0.8804091266719118, "precision": 0.8803931752168812, "recall": 0.8800300284476767, "f1": 0.880184766214178, "sensitivity": 0.8699918233851186, "specificity": 0.890068233510235}