{"accuracy": 0.8800157356412274, "precision": 0.8800765013482711, "recall": 0.8795616863291835, "f1": 0.8797696656560502, "sensitivity": 0.8675388389206868, "specificity": 0.8915845337376801}