{"accuracy": 0.7659323367427223, "precision": 0.7671250219358721, "recall": 0.7642143847670718, "f1": 0.7646312046153441, "sensitivity": 0.7187244480784954, "specificity": 0.8097043214556482}