{"accuracy": 0.8619197482297404, "precision": 0.8622313733096598, "recall": 0.861201807410034, "f1": 0.8615520614691083, "sensitivity": 0.8421913327882257, "specificity": 0.8802122820318423}