{"accuracy": 0.8977183320220299, "precision": 0.8978852447717878, "recall": 0.8972449333193647, "f1": 0.8974974565125686, "sensitivity": 0.884709730171709, "specificity": 0.9097801364670205}