{"accuracy": 0.8847364280094414, "precision": 0.8846888260254597, "recall": 0.8844081438836255, "f1": 0.8845318406930515, "sensitivity": 0.8757154538021259, "specificity": 0.8931008339651251}