{"accuracy": 0.8977183320220299, "precision": 0.8986323020331453, "recall": 0.896828353698415, "f1": 0.8973798096033072, "sensitivity": 0.8732624693376942, "specificity": 0.9203942380591357}