{"accuracy": 0.8473642800944139, "precision": 0.8545560766290563, "recall": 0.8446170412060476, "f1": 0.8456744225637021, "sensitivity": 0.7718724448078496, "specificity": 0.9173616376042456}