{"accuracy": 0.7734067663257278, "precision": 0.7745114023173482, "recall": 0.7745114023173482, "f1": 0.7734067663257278, "sensitivity": 0.803761242845462, "specificity": 0.7452615617892343}