{"accuracy": 0.8800157356412274, "precision": 0.8814298446651387, "recall": 0.8788475498361268, "f1": 0.879520356414996, "sensitivity": 0.8479149632052331, "specificity": 0.9097801364670205}