{"accuracy": 0.8843430369787569, "precision": 0.8857527091413434, "recall": 0.8831959095848647, "f1": 0.8838713887922033, "sensitivity": 0.8528209321340965, "specificity": 0.913570887035633}