{"accuracy": 0.8713611329661684, "precision": 0.871774613003096, "recall": 0.8722039727561888, "f1": 0.8713466186145099, "sensitivity": 0.8945216680294358, "specificity": 0.8498862774829417}