{"accuracy": 0.8720173535791758, "precision": 0.8771337604050788, "recall": 0.8703850210970464, "f1": 0.8711418108083779, "sensitivity": 0.8125, "specificity": 0.9282700421940928}