{"accuracy": 0.8850325379609545, "precision": 0.8903966396869846, "recall": 0.8834105635925256, "f1": 0.8842460334380344, "sensitivity": 0.8258928571428571, "specificity": 0.9409282700421941}