{"accuracy": 0.8373101952277657, "precision": 0.8417660823199969, "recall": 0.8356502411091018, "f1": 0.836197217129294, "sensitivity": 0.7767857142857143, "specificity": 0.8945147679324894}