{"accuracy": 0.7852084972462627, "precision": 0.7851518950121485, "recall": 0.7855563414638682, "f1": 0.7851185776258465, "sensitivity": 0.794766966475879, "specificity": 0.7763457164518575}