{"accuracy": 0.8686073957513769, "precision": 0.868995895460239, "recall": 0.8694314246093171, "f1": 0.8685914520707384, "sensitivity": 0.8912510220768601, "specificity": 0.8476118271417741}