{"accuracy": 0.8481510621557828, "precision": 0.8483829038917349, "recall": 0.8474283337373081, "f1": 0.8477528773299172, "sensitivity": 0.8282910874897792, "specificity": 0.866565579984837}