{"accuracy": 0.8505114083398898, "precision": 0.8504491589324445, "recall": 0.850059852325004, "f1": 0.8502206468379122, "sensitivity": 0.8381030253475061, "specificity": 0.8620166793025019}