{"accuracy": 0.9028324154209284, "precision": 0.9033192585629809, "recall": 0.9021729090585611, "f1": 0.9025736728856688, "sensitivity": 0.884709730171709, "specificity": 0.9196360879454132}