{"accuracy": 0.8599527930763179, "precision": 0.8610391662870582, "recall": 0.8611215290455801, "f1": 0.8599524463040031, "sensitivity": 0.8920686835650041, "specificity": 0.8301743745261562}