{"accuracy": 0.9036191974822974, "precision": 0.9044674604834613, "recall": 0.9027822807362301, "f1": 0.9033132209804985, "sensitivity": 0.8806214227309894, "specificity": 0.9249431387414708}