{"accuracy": 0.8874901652242329, "precision": 0.88758934130941, "recall": 0.8870319135944436, "f1": 0.8872553854437475, "sensitivity": 0.874897792313982, "specificity": 0.8991660348749052}