{"accuracy": 0.8823760818253343, "precision": 0.8838096736020611, "recall": 0.8812112672389264, "f1": 0.8818904477642091, "sensitivity": 0.8503679476696647, "specificity": 0.9120545868081881}