{"accuracy": 0.8804091266719118, "precision": 0.8816334142269174, "recall": 0.87931589195462, "f1": 0.8799453144419587, "sensitivity": 0.8503679476696647, "specificity": 0.9082638362395754}