{"accuracy": 0.8103855232100708, "precision": 0.8113494831989301, "recall": 0.8114537078995769, "f1": 0.8103844668175448, "sensitivity": 0.8397383483237939, "specificity": 0.7831690674753601}