{"accuracy": 0.8953579858379229, "precision": 0.8960663407130283, "recall": 0.8945539033572474, "f1": 0.8950396171224453, "sensitivity": 0.8732624693376942, "specificity": 0.9158453373768006}