{"accuracy": 0.7970102281667978, "precision": 0.7979595668773862, "recall": 0.7980593092837125, "f1": 0.7970090972569567, "sensitivity": 0.8258381030253475, "specificity": 0.7702805155420773}