{"accuracy": 0.7804878048780488, "precision": 0.7802945173463102, "recall": 0.7806503725350048, "f1": 0.7803485716515621, "sensitivity": 0.7849550286181521, "specificity": 0.7763457164518575}