{"accuracy": 0.9047993705743509, "precision": 0.9052679868491474, "recall": 0.9041575514044995, "f1": 0.9045497313830051, "sensitivity": 0.8871627146361406, "specificity": 0.9211523881728583}