{"accuracy": 0.8194335169158143, "precision": 0.8215788715319183, "recall": 0.8209758377620747, "f1": 0.8194160503279685, "sensitivity": 0.8618152085036794, "specificity": 0.78013646702047}