{"accuracy": 0.8229740361919748, "precision": 0.8229135427163916, "recall": 0.8223938822307095, "f1": 0.8225917516563688, "sensitivity": 0.8070318887980377, "specificity": 0.8377558756633814}