{"accuracy": 0.8241542092840283, "precision": 0.8240593139956994, "recall": 0.8236203744629254, "f1": 0.8237935755680472, "sensitivity": 0.8094848732624693, "specificity": 0.8377558756633814}