{"accuracy": 0.8611713665943601, "precision": 0.8723264907135875, "recall": 0.8587345539481616, "f1": 0.8594512195121953, "sensitivity": 0.7723214285714286, "specificity": 0.9451476793248945}