{"accuracy": 0.8698481561822126, "precision": 0.8761648055448594, "recall": 0.868030440024111, "f1": 0.8688104723961299, "sensitivity": 0.8035714285714286, "specificity": 0.9324894514767933}