{"accuracy": 0.8827694728560189, "precision": 0.8829682632852267, "recall": 0.8822152117272122, "f1": 0.8824988211351847, "sensitivity": 0.8675388389206868, "specificity": 0.8968915845337376}