{"accuracy": 0.8878835562549174, "precision": 0.8878427504404576, "recall": 0.8875597670873583, "f1": 0.8876845549403403, "sensitivity": 0.8789860997547015, "specificity": 0.8961334344200151}