{"accuracy": 0.8969315499606609, "precision": 0.8973170975755124, "recall": 0.8963082490823779, "f1": 0.8966695524546264, "sensitivity": 0.8798037612428454, "specificity": 0.9128127369219106}