{"accuracy": 0.8497246262785209, "precision": 0.8495273097862259, "recall": 0.8499563273299169, "f1": 0.8496232544079605, "sensitivity": 0.8560915780866721, "specificity": 0.8438210765731615}