{"accuracy": 0.8516915814319433, "precision": 0.8514400921658987, "recall": 0.8517326798653804, "f1": 0.8515482014392947, "sensitivity": 0.8528209321340965, "specificity": 0.8506444275966641}