{"AAC": 0.8950750581130107, "DPC": 0.90340032290372, "CTD": 0.8703089180355426, "PAAC": 0.8852457261625912, "APAAC": 0.8940749014846954, "RSacid": 0.8973316672435017, "RSpolar": 0.8989209151593774, "RSsecond": 0.8978235407592008, "RScharge": 0.8958104203242092, "RSDHP": 0.8953919699209403, "Combine": 0.9112991086487052}